<?xml version="1.0" encoding="UTF-8" standalone="yes"?>
<addon id="fishwizard" name="repository.fishwizard" version="1.0" provider-name="biggyfish">
    <extension point="xbmc.addon.repository" name="Example Repository">
        <dir>
            <info compressed="false">https://raw.githubusercontent.com/biggyfish/repository.fishwizard/master_/repo/zips/addons.xml</info>
            <checksum>https://raw.githubusercontent.com/biggyfish/repository.fishwizard/master_/repo/zips/addons.xml.md5</checksum>
            <datadir zip="true">https://raw.githubusercontent.com/biggyfish/repository.fishwizard/master_/repo/zips/</datadir>
        </dir>
    </extension>
    <extension point="xbmc.addon.metadata">
        <summary>repository.fishwizard</summary>
        <description>the dogs bollocks</description>
        <disclaimer></disclaimer>
        <platform>all</platform>
        <assets>
            <icon>icon.png</icon>
            <fanart>fanart.jpg</fanart>
        </assets>
    </extension>
</addon>